"Australia","Australian Capital Territory","Anu"
"Australia","Australian Capital Territory","Barton"
"Australia","Australian Capital Territory","Belconnen"
"Australia","Australian Capital Territory","Canberra Mc"
"Australia","Australian Capital Territory","Canberra"
"Australia","Australian Capital Territory","Civic Square"
"Australia","Australian Capital Territory","Gungahlin"
"Australia","Australian Capital Territory","Kambah"
"Australia","Australian Capital Territory","Tuggeranong Dc"
"Australia","New South Wales","Alexandria"
"Australia","New South Wales","Annandale"
"Australia","New South Wales","Artarmon"
"Australia","New South Wales","Ashfield"
"Australia","New South Wales","Ato Activity Statements"
"Australia","New South Wales","Auburn"
"Australia","New South Wales","Australia Square"
"Australia","New South Wales","Australian Defence Forces"
"Australia","New South Wales","Bankstown"
"Australia","New South Wales","Barmedman"
"Australia","New South Wales","Bass Hill"
"Australia","New South Wales","Baulkham Hills"
"Australia","New South Wales","Bayview"
"Australia","New South Wales","Beaconsfield"
"Australia","New South Wales","Belfield"
"Australia","New South Wales","Bellambi Dc"
"Australia","New South Wales","Bellevue Hill"
"Australia","New South Wales","Belmore"
"Australia","New South Wales","Berkeley"
"Australia","New South Wales","Boggabilla"
"Australia","New South Wales","Bondi Junction"
"Australia","New South Wales","Bondi"
"Australia","New South Wales","Botany"
"Australia","New South Wales","Broadway"
"Australia","New South Wales","Bullaburra"
"Australia","New South Wales","Bundanoon"
"Australia","New South Wales","Buronga"
"Australia","New South Wales","Burwood"
"Australia","New South Wales","Cammeray"
"Australia","New South Wales","Campbell Town"
"Australia","New South Wales","Campbelltown"
"Australia","New South Wales","Camperdown"
"Australia","New South Wales","Campsie"
"Australia","New South Wales","Canberra"
"Australia","New South Wales","Captains Flat"
"Australia","New South Wales","Caringbah"
"Australia","New South Wales","Carrington"
"Australia","New South Wales","Castle Hill"
"Australia","New South Wales","Central Coast Mc"
"Australia","New South Wales","Chatswood"
"Australia","New South Wales","Cherrybrook"
"Australia","New South Wales","Concord Repatriation Hospital"
"Australia","New South Wales","Coolah"
"Australia","New South Wales","Cremorne"
"Australia","New South Wales","Croppa Creek"
"Australia","New South Wales","Crows Nest"
"Australia","New South Wales","Croydon"
"Australia","New South Wales","Dangar"
"Australia","New South Wales","Dareton"
"Australia","New South Wales","Darlinghurst"
"Australia","New South Wales","Darlington Point"
"Australia","New South Wales","Double Bay"
"Australia","New South Wales","Douglas Park"
"Australia","New South Wales","Drummoyne"
"Australia","New South Wales","Dulwich Hill"
"Australia","New South Wales","Eastern Suburbs Mc"
"Australia","New South Wales","Eastern Suburbs Pc"
"Australia","New South Wales","Epping"
"Australia","New South Wales","Ermington"
"Australia","New South Wales","Erskineville"
"Australia","New South Wales","Evans Head"
"Australia","New South Wales","Eveleigh"
"Australia","New South Wales","Fairfield"
"Australia","New South Wales","Fairlight"
"Australia","New South Wales","Faulconbridge"
"Australia","New South Wales","Figtree"
"Australia","New South Wales","Frenchs Forest"
"Australia","New South Wales","Georges Hall"
"Australia","New South Wales","Gladesville"
"Australia","New South Wales","Glenfield"
"Australia","New South Wales","Gold Coast"
"Australia","New South Wales","Gooloogong"
"Australia","New South Wales","Gordon"
"Australia","New South Wales","Gosford"
"Australia","New South Wales","Granville"
"Australia","New South Wales","Gravesend"
"Australia","New South Wales","Greenethorpe"
"Australia","New South Wales","Greta"
"Australia","New South Wales","Grosvenor Place"
"Australia","New South Wales","Gurley"
"Australia","New South Wales","Gwabegar"
"Australia","New South Wales","Harwood"
"Australia","New South Wales","Haymarket"
"Australia","New South Wales","Hazelbrook"
"Australia","New South Wales","Helensburgh Dc"
"Australia","New South Wales","Hmas Penguin"
"Australia","New South Wales","Hornsby Westfield"
"Australia","New South Wales","Hornsby"
"Australia","New South Wales","Howlong"
"Australia","New South Wales","Hunter"
"Australia","New South Wales","Hurstville Bc"
"Australia","New South Wales","Hurstville"
"Australia","New South Wales","Illawarra"
"Australia","New South Wales","Ingleburn Milpo"
"Australia","New South Wales","Ingleburn"
"Australia","New South Wales","Islington"
"Australia","New South Wales","Jerrabomberra"
"Australia","New South Wales","Kapooka"
"Australia","New South Wales","Kensington"
"Australia","New South Wales","Killara"
"Australia","New South Wales","Kings Cross"
"Australia","New South Wales","Kingsgrove Dc"
"Australia","New South Wales","Kingsgrove"
"Australia","New South Wales","Kogarah"
"Australia","New South Wales","Koorawatha"
"Australia","New South Wales","Koraleigh"
"Australia","New South Wales","Kurmond"
"Australia","New South Wales","Kurnell"
"Australia","New South Wales","Lane Cove Dc"
"Australia","New South Wales","Lane Cove"
"Australia","New South Wales","Lawson"
"Australia","New South Wales","Leichhardt"
"Australia","New South Wales","Leightonfield Mc"
"Australia","New South Wales","Lidcombe"
"Australia","New South Wales","Lightning Ridge"
"Australia","New South Wales","Liverpool"
"Australia","New South Wales","Lord Howe Island"
"Australia","New South Wales","Macquarie University"
"Australia","New South Wales","Manly"
"Australia","New South Wales","Marrickville"
"Australia","New South Wales","Mascot"
"Australia","New South Wales","Menangle Park"
"Australia","New South Wales","Menangle"
"Australia","New South Wales","Milperra Dc"
"Australia","New South Wales","Milperra"
"Australia","New South Wales","Milsons Point"
"Australia","New South Wales","Miranda"
"Australia","New South Wales","Mona Vale"
"Australia","New South Wales","Moonbi"
"Australia","New South Wales","Moore Park"
"Australia","New South Wales","Moorebank"
"Australia","New South Wales","Mount Colah"
"Australia","New South Wales","Mount Kuring-gai"
"Australia","New South Wales","Mulwala"
"Australia","New South Wales","Nabiac"
"Australia","New South Wales","Neutral Bay Junction"
"Australia","New South Wales","New Country West"
"Australia","New South Wales","New England Mc"
"Australia","New South Wales","Newcastle West"
"Australia","New South Wales","Norfolk Island"
"Australia","New South Wales","North Parramatta"
"Australia","New South Wales","North Ryde Bc"
"Australia","New South Wales","North Sydney"
"Australia","New South Wales","North Western Suburbs Mc"
"Australia","New South Wales","North Western Suburbs Pc"
"Australia","New South Wales","Northbridge"
"Australia","New South Wales","Northern Rivers Msc"
"Australia","New South Wales","Northern Suburbs Mc"
"Australia","New South Wales","Northern Suburbs Pc"
"Australia","New South Wales","Northmead"
"Australia","New South Wales","Nsw North Coast"
"Australia","New South Wales","Oak Flats Dc"
"Australia","New South Wales","Orchard Hills"
"Australia","New South Wales","Parramatta"
"Australia","New South Wales","Pennant Hills"
"Australia","New South Wales","Penrith South Dc"
"Australia","New South Wales","Penrith"
"Australia","New South Wales","Penshurst"
"Australia","New South Wales","Potts Point"
"Australia","New South Wales","Pymble"
"Australia","New South Wales","Queen Victoria Building"
"Australia","New South Wales","Redfern"
"Australia","New South Wales","Regents Park Dc"
"Australia","New South Wales","Richmond"
"Australia","New South Wales","Rose Bay"
"Australia","New South Wales","Rosebery"
"Australia","New South Wales","Rowena"
"Australia","New South Wales","Royal Exchange"
"Australia","New South Wales","Rydalmere Bc"
"Australia","New South Wales","Rydalmere"
"Australia","New South Wales","Ryde"
"Australia","New South Wales","Schofields"
"Australia","New South Wales","Seaforth"
"Australia","New South Wales","Seven Hills Mc"
"Australia","New South Wales","Seven Hills"
"Australia","New South Wales","Shortland"
"Australia","New South Wales","Silverwater"
"Australia","New South Wales","Singleton Milpo"
"Australia","New South Wales","South Coast Mc"
"Australia","New South Wales","South Western Suburbs Pc"
"Australia","New South Wales","Southern Suburbs Mc"
"Australia","New South Wales","Southern Suburbs Pc"
"Australia","New South Wales","Southern Tablelands Mc"
"Australia","New South Wales","St George"
"Australia","New South Wales","St Leonards"
"Australia","New South Wales","St Marys"
"Australia","New South Wales","State Pc"
"Australia","New South Wales","Stockinbingal"
"Australia","New South Wales","Strathfield"
"Australia","New South Wales","Strawberry Hills"
"Australia","New South Wales","Summer Hill"
"Australia","New South Wales","Sutherland"
"Australia","New South Wales","Sydney Gateway Facility"
"Australia","New South Wales","Sydney Markets"
"Australia","New South Wales","Sydney South"
"Australia","New South Wales","Sydney"
"Australia","New South Wales","Tahmoor"
"Australia","New South Wales","The University Of Sydney"
"Australia","New South Wales","Tighes Hill"
"Australia","New South Wales","Toowoomba Se Cnr"
"Australia","New South Wales","Unanderra Dc"
"Australia","New South Wales","University Of New England"
"Australia","New South Wales","University Of Wollongong"
"Australia","New South Wales","Unsw Sydney"
"Australia","New South Wales","Vic Far Country"
"Australia","New South Wales","Wangi Wangi"
"Australia","New South Wales","Warringah"
"Australia","New South Wales","Waterloo"
"Australia","New South Wales","Wentworth Falls"
"Australia","New South Wales","Werris Creek"
"Australia","New South Wales","West Chatswood"
"Australia","New South Wales","West Pennant Hills"
"Australia","New South Wales","West Ryde"
"Australia","New South Wales","Western Plains Msc"
"Australia","New South Wales","Wetherill Park Dc"
"Australia","New South Wales","Williamtown Raaf"
"Australia","New South Wales","Windale"
"Australia","New South Wales","Wollongong Dc"
"Australia","New South Wales","Wollongong"
"Australia","New South Wales","Woollahra"
"Australia","New South Wales","Yanco"
"Australia","New South Wales","Yetman"
"Australia","Northern Territory","Adelaide River"
"Australia","Northern Territory","Alice Springs"
"Australia","Northern Territory","Alyangula"
"Australia","Northern Territory","Batchelor"
"Australia","Northern Territory","Berry Springs"
"Australia","Northern Territory","Casuarina"
"Australia","Northern Territory","Charles Darwin University"
"Australia","Northern Territory","Darwin River"
"Australia","Northern Territory","Darwin"
"Australia","Northern Territory","Jabiru"
"Australia","Northern Territory","Katherine"
"Australia","Northern Territory","Nhulunbuy"
"Australia","Northern Territory","Nightcliff"
"Australia","Northern Territory","Palmerston"
"Australia","Northern Territory","Parap"
"Australia","Northern Territory","Pine Creek"
"Australia","Northern Territory","Pinelands"
"Australia","Northern Territory","Sanderson"
"Australia","Northern Territory","Tennant Creek"
"Australia","Northern Territory","Tindal Raaf"
"Australia","Northern Territory","Winnellie"
"Australia","Queensland","Adavale"
"Australia","Queensland","Alexandra Headland"
"Australia","Queensland","Alexandra Hills"
"Australia","Queensland","Alpha"
"Australia","Queensland","Amby"
"Australia","Queensland","Applethorpe"
"Australia","Queensland","Aramac"
"Australia","Queensland","Augathella"
"Australia","Queensland","Bald Hills"
"Australia","Queensland","Beerburrum"
"Australia","Queensland","Bethania"
"Australia","Queensland","Birdsville"
"Australia","Queensland","Birkdale"
"Australia","Queensland","Blackwater"
"Australia","Queensland","Bond University"
"Australia","Queensland","Brigalow"
"Australia","Queensland","Bris City Cntry"
"Australia","Queensland","Brisbane Gpo Boxes"
"Australia","Queensland","Brisbane"
"Australia","Queensland","Brookstead"
"Australia","Queensland","Camooweal"
"Australia","Queensland","Capella"
"Australia","Queensland","Cardwell"
"Australia","Queensland","Carmila"
"Australia","Queensland","Central Qld"
"Australia","Queensland","Chandler"
"Australia","Queensland","Charleville"
"Australia","Queensland","Cheepie"
"Australia","Queensland","Cooktown"
"Australia","Queensland","Cooladdi"
"Australia","Queensland","Cooran"
"Australia","Queensland","Corfield"
"Australia","Queensland","Cottonvale"
"Australia","Queensland","Dalveen"
"Australia","Queensland","Deception Bay"
"Australia","Queensland","Duaringa"
"Australia","Queensland","Eagle Heights"
"Australia","Queensland","Eatons Hill"
"Australia","Queensland","Eulo"
"Australia","Queensland","Gatton College"
"Australia","Queensland","George Street"
"Australia","Queensland","Glass House Mountains"
"Australia","Queensland","Glen Aplin"
"Australia","Queensland","Gold Coast Mc"
"Australia","Queensland","Gold Coast"
"Australia","Queensland","Guluguba"
"Australia","Queensland","Hamilton Island"
"Australia","Queensland","Hayman Island"
"Australia","Queensland","Hungerford"
"Australia","Queensland","Ilfracombe"
"Australia","Queensland","Isisford"
"Australia","Queensland","Jandowae"
"Australia","Queensland","Jericho"
"Australia","Queensland","Jundah"
"Australia","Queensland","Karumba"
"Australia","Queensland","Killarney"
"Australia","Queensland","Kingsthorpe"
"Australia","Queensland","Kippa-ring"
"Australia","Queensland","Kuraby"
"Australia","Queensland","Kuranda"
"Australia","Queensland","Lawnton"
"Australia","Queensland","Leyburn"
"Australia","Queensland","Limevale"
"Australia","Queensland","Mango Hill"
"Australia","Queensland","Marburg"
"Australia","Queensland","Meandarra"
"Australia","Queensland","Millaa Millaa"
"Australia","Queensland","Mitchell"
"Australia","Queensland","Morayfield"
"Australia","Queensland","Morven"
"Australia","Queensland","Muckadilla"
"Australia","Queensland","Mungallala"
"Australia","Queensland","Murarrie"
"Australia","Queensland","Muttaburra"
"Australia","Queensland","Narangba"
"Australia","Queensland","Nobby"
"Australia","Queensland","Normanton"
"Australia","Queensland","North Qld"
"Australia","Queensland","Northgate Cent"
"Australia","Queensland","Northgate Mc"
"Australia","Queensland","Northgate North"
"Australia","Queensland","Ogmore"
"Australia","Queensland","Port Douglas"
"Australia","Queensland","Raglan"
"Australia","Queensland","Robina Town Centre"
"Australia","Queensland","Rothwell"
"Australia","Queensland","Royal Brisbane Hospital"
"Australia","Queensland","Silkwood East"
"Australia","Queensland","Southbrook"
"Australia","Queensland","Spring Hill"
"Australia","Queensland","Springsure"
"Australia","Queensland","St George"
"Australia","Queensland","Sunshine Mt Isa"
"Australia","Queensland","Surat"
"Australia","Queensland","Tannymorel"
"Australia","Queensland","Thargomindah"
"Australia","Queensland","The Gap"
"Australia","Queensland","The Summit"
"Australia","Queensland","Thorneside"
"Australia","Queensland","Thulimbah"
"Australia","Queensland","Tieri"
"Australia","Queensland","Tolga"
"Australia","Queensland","Toowoomba Se Cnr"
"Australia","Queensland","Torbanlea"
"Australia","Queensland","Underwood Cent"
"Australia","Queensland","Underwood South"
"Australia","Queensland","Underwood"
"Australia","Queensland","University Of Queensland"
"Australia","Queensland","Varsity Lakes"
"Australia","Queensland","Wallangarra"
"Australia","Queensland","Warra"
"Australia","Queensland","West Burleigh"
"Australia","Queensland","Whitfield"
"Australia","Queensland","Woorabinda"
"Australia","Queensland","Wooroonden"
"Australia","Queensland","Wyandra"
"Australia","Queensland","Yungaburra"
"Australia","South Australia","Adelaide Mc"
"Australia","South Australia","Adelaide"
"Australia","South Australia","Aldgate"
"Australia","South Australia","Alice Springs"
"Australia","South Australia","Andamooka"
"Australia","South Australia","Angle Vale"
"Australia","South Australia","Avenue Range"
"Australia","South Australia","Balhannah"
"Australia","South Australia","Basket Range"
"Australia","South Australia","Birdwood"
"Australia","South Australia","Cadell"
"Australia","South Australia","Caltowie"
"Australia","South Australia","Carey Gully"
"Australia","South Australia","Christie Downs"
"Australia","South Australia","Cobdogla"
"Australia","South Australia","Coober Pedy"
"Australia","South Australia","Coonawarra"
"Australia","South Australia","Cudlee Creek"
"Australia","South Australia","Cungena"
"Australia","South Australia","Curramulka"
"Australia","South Australia","Edilillie"
"Australia","South Australia","Edinburgh"
"Australia","South Australia","Farrell Flat"
"Australia","South Australia","Forest Range"
"Australia","South Australia","Freeling"
"Australia","South Australia","Georgetown"
"Australia","South Australia","Gladstone"
"Australia","South Australia","Glossop"
"Australia","South Australia","Greenhill"
"Australia","South Australia","Gulnare"
"Australia","South Australia","Highbury"
"Australia","South Australia","Hilltown"
"Australia","South Australia","Holden Hill"
"Australia","South Australia","Hope Valley"
"Australia","South Australia","Inglewood"
"Australia","South Australia","Iron Knob"
"Australia","South Australia","Kersbrook"
"Australia","South Australia","Kingston-on-murray"
"Australia","South Australia","Kyancutta"
"Australia","South Australia","Lenswood"
"Australia","South Australia","Littlehampton"
"Australia","South Australia","Lobethal"
"Australia","South Australia","Lochiel"
"Australia","South Australia","Manoora"
"Australia","South Australia","Maslin Beach"
"Australia","South Australia","Melrose"
"Australia","South Australia","Middleton"
"Australia","South Australia","Monash"
"Australia","South Australia","Norton Summit"
"Australia","South Australia","Novar Gardens"
"Australia","South Australia","O'sullivan Beach"
"Australia","South Australia","Oakbank"
"Australia","South Australia","Oodnadatta"
"Australia","South Australia","Paracombe"
"Australia","South Australia","Parilla"
"Australia","South Australia","Parndana"
"Australia","South Australia","Piccadilly"
"Australia","South Australia","Port Elliot"
"Australia","South Australia","Port Neill"
"Australia","South Australia","Redhill"
"Australia","South Australia","Regency Park"
"Australia","South Australia","Sa City Subs"
"Australia","South Australia","Sa Far"
"Australia","South Australia","Sa Subs Near 1"
"Australia","South Australia","Sa Subs Near 2"
"Australia","South Australia","Tungkillo"
"Australia","South Australia","Upper Sturt"
"Australia","South Australia","Uraidla"
"Australia","South Australia","Veitch"
"Australia","South Australia","West Lakes Shore"
"Australia","South Australia","West Lakes"
"Australia","South Australia","Whyalla Jenkins"
"Australia","South Australia","Wilmington"
"Australia","South Australia","Woodhouse"
"Australia","South Australia","Wynarka"
"Australia","South Australia","Wynn Vale"
"Australia","South Australia","Yacka"
"Australia","South Australia","Yaninee"
"Australia","South Australia","Yongala"
"Australia","Tasmania","Blackmans Bay"
"Australia","Tasmania","Burnie"
"Australia","Tasmania","Campania"
"Australia","Tasmania","Cape Barren Island"
"Australia","Tasmania","Carrick"
"Australia","Tasmania","Colebrook"
"Australia","Tasmania","Copping"
"Australia","Tasmania","Cremorne"
"Australia","Tasmania","Dover"
"Australia","Tasmania","Eaglehawk Neck"
"Australia","Tasmania","Franklin"
"Australia","Tasmania","Gormanston"
"Australia","Tasmania","Gravelly Beach"
"Australia","Tasmania","Hadspen"
"Australia","Tasmania","Highcroft"
"Australia","Tasmania","Hobart"
"Australia","Tasmania","Huntingfield"
"Australia","Tasmania","Kellevie"
"Australia","Tasmania","Kettering"
"Australia","Tasmania","Kingston"
"Australia","Tasmania","Koonya"
"Australia","Tasmania","Lauderdale"
"Australia","Tasmania","Launceston"
"Australia","Tasmania","Murdunna"
"Australia","Tasmania","North Hobart"
"Australia","Tasmania","Opossum Bay"
"Australia","Tasmania","Premaydena"
"Australia","Tasmania","Risdon Vale"
"Australia","Tasmania","Rosebery"
"Australia","Tasmania","Sandy Bay"
"Australia","Tasmania","Somerset"
"Australia","Tasmania","South Arm"
"Australia","Tasmania","Stanley"
"Australia","Tasmania","Stonor"
"Australia","Tasmania","Strathgordon"
"Australia","Tasmania","Taranna"
"Australia","Tasmania","Tasmania"
"Australia","Victoria","Abbotsford"
"Australia","Victoria","Abeckett Street"
"Australia","Victoria","Anglesea"
"Australia","Victoria","Appin"
"Australia","Victoria","Avenel"
"Australia","Victoria","Avondale Heights"
"Australia","Victoria","Ballarat"
"Australia","Victoria","Bass"
"Australia","Victoria","Bena"
"Australia","Victoria","Benalla"
"Australia","Victoria","Bendigo Dc"
"Australia","Victoria","Bendigo"
"Australia","Victoria","Beverford"
"Australia","Victoria","Beveridge"
"Australia","Victoria","Birregurra"
"Australia","Victoria","Bittern"
"Australia","Victoria","Blairgowrie"
"Australia","Victoria","Bolinda"
"Australia","Victoria","Bonnie Doon"
"Australia","Victoria","Boronia"
"Australia","Victoria","Boundary Bend"
"Australia","Victoria","Brim"
"Australia","Victoria","Brunswick"
"Australia","Victoria","Bulla"
"Australia","Victoria","Buxton"
"Australia","Victoria","Bylands"
"Australia","Victoria","Byrneside"
"Australia","Victoria","Camberwell"
"Australia","Victoria","Campbellfield"
"Australia","Victoria","Caramut"
"Australia","Victoria","Carisbrook"
"Australia","Victoria","Carlton"
"Australia","Victoria","Carrum Downs"
"Australia","Victoria","Chirnside Park"
"Australia","Victoria","Churchill"
"Australia","Victoria","Clarkefield"
"Australia","Victoria","Cobram"
"Australia","Victoria","Collins Street East"
"Australia","Victoria","Collins Street West"
"Australia","Victoria","Congupna"
"Australia","Victoria","Cororooke"
"Australia","Victoria","Cowangie"
"Australia","Victoria","Cowwarr"
"Australia","Victoria","Cressy"
"Australia","Victoria","Crib Point"
"Australia","Victoria","Dandenong South"
"Australia","Victoria","Dandenong"
"Australia","Victoria","Deakin University"
"Australia","Victoria","Diamond Creek"
"Australia","Victoria","Digby"
"Australia","Victoria","Docklands"
"Australia","Victoria","Doncaster"
"Australia","Victoria","Donvale"
"Australia","Victoria","Dookie College"
"Australia","Victoria","Durham Ox"
"Australia","Victoria","Eagle Point"
"Australia","Victoria","East Melbourne"
"Australia","Victoria","East Sale Raaf"
"Australia","Victoria","Eastern Mc"
"Australia","Victoria","Eldorado"
"Australia","Victoria","Elmhurst"
"Australia","Victoria","Endeavour Hills"
"Australia","Victoria","Eurobin"
"Australia","Victoria","Ferntree Gulley"
"Australia","Victoria","Ferny Creek"
"Australia","Victoria","Fitzroy"
"Australia","Victoria","Flinders Lane"
"Australia","Victoria","Flinders"
"Australia","Victoria","Footscray"
"Australia","Victoria","Frankston"
"Australia","Victoria","Gembrook"
"Australia","Victoria","Gippsland Mc"
"Australia","Victoria","Girgarre"
"Australia","Victoria","Glen Forbes"
"Australia","Victoria","Glen Iris"
"Australia","Victoria","Gordon"
"Australia","Victoria","Gormandale"
"Australia","Victoria","Goroke"
"Australia","Victoria","Greenvale"
"Australia","Victoria","Gunbower"
"Australia","Victoria","Hallam"
"Australia","Victoria","Hampton Park"
"Australia","Victoria","Harrow"
"Australia","Victoria","Hawthorn"
"Australia","Victoria","Heatherton"
"Australia","Victoria","Hedley"
"Australia","Victoria","Hexham"
"Australia","Victoria","Highett"
"Australia","Victoria","Horsham"
"Australia","Victoria","Irymple"
"Australia","Victoria","Ivanhoe"
"Australia","Victoria","Kallista"
"Australia","Victoria","Kalorama"
"Australia","Victoria","Kaniva"
"Australia","Victoria","Katunga"
"Australia","Victoria","Keilor East"
"Australia","Victoria","Kew East"
"Australia","Victoria","Keysborough"
"Australia","Victoria","Knoxfield"
"Australia","Victoria","Koetong"
"Australia","Victoria","Koondrook"
"Australia","Victoria","Koonwarra"
"Australia","Victoria","Kotta"
"Australia","Victoria","Kyabram"
"Australia","Victoria","La Trobe University"
"Australia","Victoria","Langwarrin"
"Australia","Victoria","Lascelles"
"Australia","Victoria","Laverton North"
"Australia","Victoria","Law Courts"
"Australia","Victoria","Leopold"
"Australia","Victoria","Lethbridge"
"Australia","Victoria","Lilydale"
"Australia","Victoria","Lindenow"
"Australia","Victoria","Little River"
"Australia","Victoria","Lockington"
"Australia","Victoria","Lower Plenty"
"Australia","Victoria","Macedon"
"Australia","Victoria","Main Ridge"
"Australia","Victoria","Mallacoota"
"Australia","Victoria","Mangalore"
"Australia","Victoria","Mansfield"
"Australia","Victoria","Marnoo"
"Australia","Victoria","Mccrae"
"Australia","Victoria","Melb North West"
"Australia","Victoria","Melbourne Airport"
"Australia","Victoria","Melbourne City"
"Australia","Victoria","Melbourne"
"Australia","Victoria","Merrigum"
"Australia","Victoria","Metung"
"Australia","Victoria","Mildura"
"Australia","Victoria","Mill Park"
"Australia","Victoria","Molesworth"
"Australia","Victoria","Monash University"
"Australia","Victoria","Monbulk"
"Australia","Victoria","Monegeetta"
"Australia","Victoria","Montmorency"
"Australia","Victoria","Montrose"
"Australia","Victoria","Moonee Ponds"
"Australia","Victoria","Moorabbin"
"Australia","Victoria","Moorooduc"
"Australia","Victoria","Mooroolbark"
"Australia","Victoria","Mornington"
"Australia","Victoria","Morrabbin"
"Australia","Victoria","Mount Dandenong"
"Australia","Victoria","Mount Evelyn"
"Australia","Victoria","Mount Macedon"
"Australia","Victoria","Mount Martha"
"Australia","Victoria","Mulgrave"
"Australia","Victoria","Myrtleford"
"Australia","Victoria","Nelson"
"Australia","Victoria","New Gisborne"
"Australia","Victoria","Newmerella"
"Australia","Victoria","Nicholson"
"Australia","Victoria","North Melbourne"
"Australia","Victoria","Nunawading Bc"
"Australia","Victoria","Nyah West"
"Australia","Victoria","Nyah"
"Australia","Victoria","Nyora"
"Australia","Victoria","Oakleigh South"
"Australia","Victoria","Ocean Grove"
"Australia","Victoria","Olinda"
"Australia","Victoria","Ovens"
"Australia","Victoria","Panton Hill"
"Australia","Victoria","Park Orchards"
"Australia","Victoria","Patchewollock"
"Australia","Victoria","Peterborough"
"Australia","Victoria","Plenty"
"Australia","Victoria","Port Franklin"
"Australia","Victoria","Port Melbourne"
"Australia","Victoria","Port Welshpool"
"Australia","Victoria","Portsea"
"Australia","Victoria","Preston"
"Australia","Victoria","Puckapunyal Milpo"
"Australia","Victoria","Purnim"
"Australia","Victoria","Pyalong"
"Australia","Victoria","Rhyll"
"Australia","Victoria","Riddells Creek"
"Australia","Victoria","Ringwood"
"Australia","Victoria","Rokewood"
"Australia","Victoria","Rosebud West"
"Australia","Victoria","Rowville"
"Australia","Victoria","Royal Melbourne Hospital"
"Australia","Victoria","Sale"
"Australia","Victoria","Sandringham"
"Australia","Victoria","Scoresby Bc"
"Australia","Victoria","Scoresby"
"Australia","Victoria","Scotts Creek"
"Australia","Victoria","Seymour"
"Australia","Victoria","Shepparton"
"Australia","Victoria","Sherbrooke"
"Australia","Victoria","Silvan"
"Australia","Victoria","Smiths Gully"
"Australia","Victoria","Somers"
"Australia","Victoria","Somerton"
"Australia","Victoria","Sorrento"
"Australia","Victoria","South Melbourne"
"Australia","Victoria","Southbank"
"Australia","Victoria","St Andrews"
"Australia","Victoria","St Helier"
"Australia","Victoria","St Kilda Road Central"
"Australia","Victoria","St Kilda Road"
"Australia","Victoria","Swan Reach"
"Australia","Victoria","Tabilk"
"Australia","Victoria","Taradale"
"Australia","Victoria","Tarranyurk"
"Australia","Victoria","Tawonga South"
"Australia","Victoria","Tawonga"
"Australia","Victoria","Teesdale"
"Australia","Victoria","Templestowe Lower"
"Australia","Victoria","Templestowe"
"Australia","Victoria","Tempy"
"Australia","Victoria","Terang"
"Australia","Victoria","The Basin"
"Australia","Victoria","The Patch"
"Australia","Victoria","Thomastown"
"Australia","Victoria","Thornbury"
"Australia","Victoria","Thorpdale"
"Australia","Victoria","Tintaldra"
"Australia","Victoria","Toolamba"
"Australia","Victoria","Toongabbie"
"Australia","Victoria","Torrumbarry"
"Australia","Victoria","Tremont"
"Australia","Victoria","Tresco"
"Australia","Victoria","Tyabb"
"Australia","Victoria","University Of Melbourne"
"Australia","Victoria","Upwey"
"Australia","Victoria","Vic Country"
"Australia","Victoria","Vic Far Country"
"Australia","Victoria","Vinifera"
"Australia","Victoria","Walpeup"
"Australia","Victoria","Wandiligong"
"Australia","Victoria","Wangaratta"
"Australia","Victoria","Wattle Glen"
"Australia","Victoria","West Melbourne"
"Australia","Victoria","Wodonga"
"Australia","Victoria","Wollert"
"Australia","Victoria","Wonga Park"
"Australia","Victoria","Woodstock"
"Australia","Victoria","Woolsthorpe"
"Australia","Victoria","Woorinen South"
"Australia","Victoria","World Trade Centre"
"Australia","Victoria","Yackandandah"
"Australia","Victoria","Yan Yean"
"Australia","Victoria","Yarrambat"
"Australia","Western Australia","Agnew"
"Australia","Western Australia","Albany Dc"
"Australia","Western Australia","Albany"
"Australia","Western Australia","Alkimos"
"Australia","Western Australia","Applecross"
"Australia","Western Australia","Ardath"
"Australia","Western Australia","Armadale"
"Australia","Western Australia","Babakin"
"Australia","Western Australia","Balcatta"
"Australia","Western Australia","Baldivis"
"Australia","Western Australia","Ballajura"
"Australia","Western Australia","Ballidu"
"Australia","Western Australia","Barrow Island"
"Australia","Western Australia","Bassendean Dc"
"Australia","Western Australia","Bassendean"
"Australia","Western Australia","Bayswater"
"Australia","Western Australia","Beechboro"
"Australia","Western Australia","Belmont"
"Australia","Western Australia","Benger"
"Australia","Western Australia","Benjaberring"
"Australia","Western Australia","Bentley Dc"
"Australia","Western Australia","Bentley"
"Australia","Western Australia","Bibra Lake Dc"
"Australia","Western Australia","Booragoon"
"Australia","Western Australia","Brand"
"Australia","Western Australia","Bullaring"
"Australia","Western Australia","Bunbury"
"Australia","Western Australia","Buntine"
"Australia","Western Australia","Burakin"
"Australia","Western Australia","Burekup"
"Australia","Western Australia","Cable Beach"
"Australia","Western Australia","Cadoux"
"Australia","Western Australia","Canna"
"Australia","Western Australia","Canning Vale Dc"
"Australia","Western Australia","Cannington"
"Australia","Western Australia","Carabooda"
"Australia","Western Australia","Cervantes"
"Australia","Western Australia","Christmas Island"
"Australia","Western Australia","City Beach"
"Australia","Western Australia","Clackline"
"Australia","Western Australia","Claremont"
"Australia","Western Australia","Cloisters Square"
"Australia","Western Australia","Cloverdale"
"Australia","Western Australia","Cockatoo Island"
"Australia","Western Australia","Como"
"Australia","Western Australia","Cottesloe"
"Australia","Western Australia","Cranbrook"
"Australia","Western Australia","Cullacabardee"
"Australia","Western Australia","Curtin"
"Australia","Western Australia","Darlington"
"Australia","Western Australia","Dianella"
"Australia","Western Australia","East Fremantle"
"Australia","Western Australia","East Perth"
"Australia","Western Australia","East Victoria Park"
"Australia","Western Australia","Eglinton"
"Australia","Western Australia","Forrestfield"
"Australia","Western Australia","Frankland"
"Australia","Western Australia","Fremantle"
"Australia","Western Australia","Gabbin"
"Australia","Western Australia","Geraldton"
"Australia","Western Australia","Gibson"
"Australia","Western Australia","Golden Bay"
"Australia","Western Australia","Goldsworthy"
"Australia","Western Australia","Gosnells"
"Australia","Western Australia","Grass Patch"
"Australia","Western Australia","Grass Valley"
"Australia","Western Australia","Greenwood"
"Australia","Western Australia","Guildford"
"Australia","Western Australia","Hamersley"
"Australia","Western Australia","Hamilton Hill"
"Australia","Western Australia","Highbury"
"Australia","Western Australia","Hillarys"
"Australia","Western Australia","Hines Hill"
"Australia","Western Australia","Hopetoun"
"Australia","Western Australia","Inglewood"
"Australia","Western Australia","Innaloo"
"Australia","Western Australia","Jarrahdale"
"Australia","Western Australia","Joondalup Dc"
"Australia","Western Australia","Jurien Bay"
"Australia","Western Australia","Kalamunda"
"Australia","Western Australia","Kalgoorlie"
"Australia","Western Australia","Kambalda"
"Australia","Western Australia","Karlgarin"
"Australia","Western Australia","Karnup"
"Australia","Western Australia","Karrinyup"
"Australia","Western Australia","Kelmscott Dc"
"Australia","Western Australia","Kelmscott"
"Australia","Western Australia","Kendenup"
"Australia","Western Australia","Keysbrook"
"Australia","Western Australia","Kondut"
"Australia","Western Australia","Koolan Island"
"Australia","Western Australia","Koolyanobbing"
"Australia","Western Australia","Kulja"
"Australia","Western Australia","Kurtin"
"Australia","Western Australia","Kwinana"
"Australia","Western Australia","Kwolyin"
"Australia","Western Australia","Latham"
"Australia","Western Australia","Leederville"
"Australia","Western Australia","Lowden"
"Australia","Western Australia","Maddington"
"Australia","Western Australia","Mahogany Creek"
"Australia","Western Australia","Malaga Dc"
"Australia","Western Australia","Malaga"
"Australia","Western Australia","Manmanning"
"Australia","Western Australia","Maya"
"Australia","Western Australia","Maylands"
"Australia","Western Australia","Melville"
"Australia","Western Australia","Merkanooka"
"Australia","Western Australia","Midland Dc"
"Australia","Western Australia","Mirrabooka"
"Australia","Western Australia","Mogumber"
"Australia","Western Australia","Mooliabeenee"
"Australia","Western Australia","Morley"
"Australia","Western Australia","Mosman Park"
"Australia","Western Australia","Mount Hawthorn"
"Australia","Western Australia","Mount Lawley"
"Australia","Western Australia","Muchea"
"Australia","Western Australia","Mullalyup"
"Australia","Western Australia","Myaree Bc"
"Australia","Western Australia","Nangeenan"
"Australia","Western Australia","Narrikup"
"Australia","Western Australia","Nedlands"
"Australia","Western Australia","North Beach"
"Australia","Western Australia","North Fremantle"
"Australia","Western Australia","North Perth"
"Australia","Western Australia","Northbridge"
"Australia","Western Australia","Northlands"
"Australia","Western Australia","Nowergup"
"Australia","Western Australia","Nukarni"
"Australia","Western Australia","Nullagine"
"Australia","Western Australia","Nungarin"
"Australia","Western Australia","Nyabing"
"Australia","Western Australia","Osborne Park"
"Australia","Western Australia","Palmyra Dc"
"Australia","Western Australia","Palmyra"
"Australia","Western Australia","Pantapin"
"Australia","Western Australia","Perth Bc"
"Australia","Western Australia","Perth East St Georges Tce"
"Australia","Western Australia","Perth St Georges Tce"
"Australia","Western Australia","Perth"
"Australia","Western Australia","Piawaning"
"Australia","Western Australia","Pindar"
"Australia","Western Australia","Pingaring"
"Australia","Western Australia","Pingrup"
"Australia","Western Australia","Port Kennedy"
"Australia","Western Australia","Rivervale"
"Australia","Western Australia","Rockingham Beach"
"Australia","Western Australia","Rockingham Dc"
"Australia","Western Australia","Rockingham"
"Australia","Western Australia","Rocky Gully"
"Australia","Western Australia","Roelands"
"Australia","Western Australia","Rottnest Island"
"Australia","Western Australia","Royal Australian Navy Warships"
"Australia","Western Australia","Sandstone"
"Australia","Western Australia","Sawyers Valley"
"Australia","Western Australia","Scarborough"
"Australia","Western Australia","Seabird"
"Australia","Western Australia","Secret Harbour"
"Australia","Western Australia","Shackleton"
"Australia","Western Australia","Shay Gap"
"Australia","Western Australia","Singleton"
"Australia","Western Australia","South Kumminin"
"Australia","Western Australia","South Perth"
"Australia","Western Australia","Stirling"
"Australia","Western Australia","Subiaco"
"Australia","Western Australia","Success"
"Australia","Western Australia","Tangney"
"Australia","Western Australia","Tardun"
"Australia","Western Australia","Telfer"
"Australia","Western Australia","Tenterden"
"Australia","Western Australia","Thevenard Island"
"Australia","Western Australia","Thornlie"
"Australia","Western Australia","Trigg"
"Australia","Western Australia","Tuart Hill"
"Australia","Western Australia","Two Rocks"
"Australia","Western Australia","Victoria Park"
"Australia","Western Australia","Walgoolan"
"Australia","Western Australia","Walliston Dc"
"Australia","Western Australia","Wangara Dc"
"Australia","Western Australia","Wannamal"
"Australia","Western Australia","Wanneroo"
"Australia","Western Australia","Waterloo"
"Australia","Western Australia","Welshpool Dc"
"Australia","Western Australia","Wembley"
"Australia","Western Australia","West Leederville"
"Australia","Western Australia","West Perth"
"Australia","Western Australia","Whiteman"
"Australia","Western Australia","Willetton"
"Australia","Western Australia","Wiluna"
"Australia","Western Australia","Wooroloo"
"Australia","Western Australia","Wundowie"
"Australia","Western Australia","Yanchep"
"Australia","Western Australia","Yarloop"
"Australia","Western Australia","Yealering"
"Australia","Western Australia","Yeelirrie"
"Australia","Western Australia","Yerecoin"
"New Zealand","Auckland","Algies Bay-Mahurangi"
"New Zealand","Auckland","Auckland"
"New Zealand","Auckland","Helensville"
"New Zealand","Auckland","Leigh"
"New Zealand","Auckland","Manukau"
"New Zealand","Auckland","Muriwai Beach"
"New Zealand","Auckland","North Shore"
"New Zealand","Auckland","Orewa"
"New Zealand","Auckland","Parakai"
"New Zealand","Auckland","Snells Beach"
"New Zealand","Auckland","Waiheke"
"New Zealand","Auckland","Waitakere"
"New Zealand","Auckland","Warkworth"
"New Zealand","Auckland","Wellsford"
"New Zealand","Bay of Plenty","Athenree"
"New Zealand","Bay of Plenty","Edgecumbe"
"New Zealand","Bay of Plenty","Kaingaroa Forest"
"New Zealand","Bay of Plenty","Katikati"
"New Zealand","Bay of Plenty","Kawerau"
"New Zealand","Bay of Plenty","Maketu"
"New Zealand","Bay of Plenty","Mamaku"
"New Zealand","Bay of Plenty","Matata"
"New Zealand","Bay of Plenty","Murupara"
"New Zealand","Bay of Plenty","Opotiki"
"New Zealand","Bay of Plenty","Paengaroa"
"New Zealand","Bay of Plenty","Rotorua"
"New Zealand","Bay of Plenty","Taneatua"
"New Zealand","Bay of Plenty","Tauranga"
"New Zealand","Bay of Plenty","Te Kaha"
"New Zealand","Bay of Plenty","Te Puke"
"New Zealand","Bay of Plenty","Waimana"
"New Zealand","Bay of Plenty","Whakatane"
"New Zealand","Canterbury","Akaroa"
"New Zealand","Canterbury","Amberley"
"New Zealand","Canterbury","Ashburton"
"New Zealand","Canterbury","Burnham"
"New Zealand","Canterbury","Cheviot"
"New Zealand","Canterbury","Christchurch"
"New Zealand","Canterbury","Culverden"
"New Zealand","Canterbury","Cust"
"New Zealand","Canterbury","Darfield"
"New Zealand","Canterbury","Dunsandel"
"New Zealand","Canterbury","Fairlie"
"New Zealand","Canterbury","Geraldine"
"New Zealand","Canterbury","Hampden"
"New Zealand","Canterbury","Hanmer Springs"
"New Zealand","Canterbury","Kaiapoi"
"New Zealand","Canterbury","Kaikoura"
"New Zealand","Canterbury","Kurow"
"New Zealand","Canterbury","Lake Tekapo"
"New Zealand","Canterbury","Leeston"
"New Zealand","Canterbury","Lincoln"
"New Zealand","Canterbury","Lyttelton"
"New Zealand","Canterbury","Methven"
"New Zealand","Canterbury","Mount Cook"
"New Zealand","Canterbury","Oamaru"
"New Zealand","Canterbury","Omarama"
"New Zealand","Canterbury","Otematata"
"New Zealand","Canterbury","Oxford"
"New Zealand","Canterbury","Pareora"
"New Zealand","Canterbury","Pleasant Point"
"New Zealand","Canterbury","Rakaia"
"New Zealand","Canterbury","Rangiora"
"New Zealand","Canterbury","Rolleston"
"New Zealand","Canterbury","Sefton"
"New Zealand","Canterbury","Southbridge"
"New Zealand","Canterbury","Taitapu"
"New Zealand","Canterbury","Temuka"
"New Zealand","Canterbury","Timaru"
"New Zealand","Canterbury","Twizel"
"New Zealand","Canterbury","Waikuku"
"New Zealand","Canterbury","Waimate"
"New Zealand","Canterbury","Woodend"
"New Zealand","Gisborne","Gisborne"
"New Zealand","Gisborne","Manutuke"
"New Zealand","Gisborne","Patutahi"
"New Zealand","Gisborne","Ruatoria"
"New Zealand","Gisborne","Te Karaka"
"New Zealand","Gisborne","Tokomaru Bay"
"New Zealand","Gisborne","Tolaga Bay"
"New Zealand","Manawatu-Wanganui","Bulls"
"New Zealand","Manawatu-Wanganui","Dannevirke"
"New Zealand","Manawatu-Wanganui","Eketahuna"
"New Zealand","Manawatu-Wanganui","Feilding"
"New Zealand","Manawatu-Wanganui","Foxton"
"New Zealand","Manawatu-Wanganui","Halcombe"
"New Zealand","Manawatu-Wanganui","Himatangi"
"New Zealand","Manawatu-Wanganui","Hunterville"
"New Zealand","Manawatu-Wanganui","Levin"
"New Zealand","Manawatu-Wanganui","Marton"
"New Zealand","Manawatu-Wanganui","Ohakune"
"New Zealand","Manawatu-Wanganui","Ohura"
"New Zealand","Manawatu-Wanganui","Pahiatua"
"New Zealand","Manawatu-Wanganui","Palmerston North"
"New Zealand","Manawatu-Wanganui","Raetihi"
"New Zealand","Manawatu-Wanganui","Ratana"
"New Zealand","Manawatu-Wanganui","Rongotea"
"New Zealand","Manawatu-Wanganui","Sanson"
"New Zealand","Manawatu-Wanganui","Shannon"
"New Zealand","Manawatu-Wanganui","Taihape"
"New Zealand","Manawatu-Wanganui","Takapau"
"New Zealand","Manawatu-Wanganui","Taumarunui"
"New Zealand","Manawatu-Wanganui","Tokomaru"
"New Zealand","Manawatu-Wanganui","Waiouru"
"New Zealand","Manawatu-Wanganui","Wanganui"
"New Zealand","Manawatu-Wanganui","Woodville"
"New Zealand","Marlborough","Blenheim"
"New Zealand","Marlborough","Havelock"
"New Zealand","Marlborough","Picton"
"New Zealand","Marlborough","Seddon"
"New Zealand","Nelson","Nelson"
"New Zealand","Northland","Ahipara"
"New Zealand","Northland","Awanui"
"New Zealand","Northland","Dargaville"
"New Zealand","Northland","East Opua"
"New Zealand","Northland","Haruru Falls"
"New Zealand","Northland","Kaeo"
"New Zealand","Northland","Kaikohe"
"New Zealand","Northland","Kaitaia"
"New Zealand","Northland","Kaiwaka"
"New Zealand","Northland","Kawakawa"
"New Zealand","Northland","Kerikeri"
"New Zealand","Northland","Mangawhai Heads"
"New Zealand","Northland","Maungatapere"
"New Zealand","Northland","Maungaturoto"
"New Zealand","Northland","Moerewa"
"New Zealand","Northland","Ngunguru"
"New Zealand","Northland","Ohaeawai"
"New Zealand","Northland","Okaihau"
"New Zealand","Northland","Omapere and Opononi"
"New Zealand","Northland","Paihia"
"New Zealand","Northland","Rawene"
"New Zealand","Northland","Ruawai"
"New Zealand","Northland","Russell"
"New Zealand","Northland","Taipa Bay-Mangonui"
"New Zealand","Northland","Te Kopuru"
"New Zealand","Northland","Whangarei"
"New Zealand","Otago","Alexandra"
"New Zealand","Otago","Arrowtown"
"New Zealand","Otago","Balclutha"
"New Zealand","Otago","Clinton"
"New Zealand","Otago","Clyde"
"New Zealand","Otago","Cromwell"
"New Zealand","Otago","Dunedin"
"New Zealand","Otago","Kaitangata"
"New Zealand","Otago","Kakanui"
"New Zealand","Otago","Karitane"
"New Zealand","Otago","Lawrence"
"New Zealand","Otago","Milton"
"New Zealand","Otago","Outram"
"New Zealand","Otago","Owaka"
"New Zealand","Otago","Palmerston"
"New Zealand","Otago","Queenstown"
"New Zealand","Otago","Ranfurly"
"New Zealand","Otago","Roxburgh"
"New Zealand","Otago","Stirling"
"New Zealand","Otago","Tapanui"
"New Zealand","Otago","Waikouaiti"
"New Zealand","Otago","Waitati"
"New Zealand","Otago","Wanaka"
"New Zealand","Otago","Warrington"
"New Zealand","Southland","Bluff"
"New Zealand","Southland","Edendale"
"New Zealand","Southland","Gore"
"New Zealand","Southland","Invercargill"
"New Zealand","Southland","Lumsden"
"New Zealand","Southland","Manapouri"
"New Zealand","Southland","Night Caps"
"New Zealand","Southland","Ohai"
"New Zealand","Southland","Otautau"
"New Zealand","Southland","Riversdale"
"New Zealand","Southland","Riverton"
"New Zealand","Southland","Te Anau"
"New Zealand","Southland","Tuatapere"
"New Zealand","Southland","Wallacetown"
"New Zealand","Southland","Winton"
"New Zealand","Southland","Woodlands"
"New Zealand","Southland","Wyndham"
"New Zealand","Taranaki","Egmont Village"
"New Zealand","Taranaki","Eltham"
"New Zealand","Taranaki","Hawera"
"New Zealand","Taranaki","Inglewood"
"New Zealand","Taranaki","Kaponga"
"New Zealand","Taranaki","Manaia"
"New Zealand","Taranaki","New Plymouth"
"New Zealand","Taranaki","Okato"
"New Zealand","Taranaki","Opunake"
"New Zealand","Taranaki","Patea"
"New Zealand","Taranaki","Rahotu"
"New Zealand","Taranaki","Stratford"
"New Zealand","Taranaki","Urenui"
"New Zealand","Taranaki","Waitara"
"New Zealand","Taranaki","Waverley"
"New Zealand","Tasman","Brightwater"
"New Zealand","Tasman","Mapua"
"New Zealand","Tasman","Motueka"
"New Zealand","Tasman","Murchison"
"New Zealand","Tasman","Richmond"
"New Zealand","Tasman","Riwaka"
"New Zealand","Tasman","Takaka"
"New Zealand","Tasman","Tapawera"
"New Zealand","Tasman","Wakefield"
"New Zealand","Waikato","Bombay"
"New Zealand","Waikato","Cambridge"
"New Zealand","Waikato","Coromandel"
"New Zealand","Waikato","Hamilton"
"New Zealand","Waikato","Huntly"
"New Zealand","Waikato","Kawhia"
"New Zealand","Waikato","Kerepehi"
"New Zealand","Waikato","Mangakino"
"New Zealand","Waikato","Matamata"
"New Zealand","Waikato","Meremere"
"New Zealand","Waikato","Morrinsville"
"New Zealand","Waikato","Ngaruawahia"
"New Zealand","Waikato","Ngatea"
"New Zealand","Waikato","Otorohanga"
"New Zealand","Waikato","Paeroa"
"New Zealand","Waikato","Pauanui Beach"
"New Zealand","Waikato","Piopio"
"New Zealand","Waikato","Pukekohe"
"New Zealand","Waikato","Putaruru"
"New Zealand","Waikato","Raglan"
"New Zealand","Waikato","Reporoa"
"New Zealand","Waikato","Tairua"
"New Zealand","Waikato","Taupo"
"New Zealand","Waikato","Te Aroha"
"New Zealand","Waikato","Te Awamutu"
"New Zealand","Waikato","Te Kauwhata"
"New Zealand","Waikato","Te Kuiti"
"New Zealand","Waikato","Te Puru-Thornton Bay"
"New Zealand","Waikato","Te Teko"
"New Zealand","Waikato","Thames"
"New Zealand","Waikato","Tirau"
"New Zealand","Waikato","Tokoroa"
"New Zealand","Waikato","Turangi"
"New Zealand","Waikato","Waharoa"
"New Zealand","Waikato","Waihi Beach"
"New Zealand","Waikato","Waihi"
"New Zealand","Waikato","Waitoa"
"New Zealand","Waikato","Waiuku"
"New Zealand","Waikato","Whangamata"
"New Zealand","Waikato","Whitianga"
"New Zealand","Wellington","Carterton"
"New Zealand","Wellington","Featherston"
"New Zealand","Wellington","Greytown"
"New Zealand","Wellington","Kapiti"
"New Zealand","Wellington","Lower Hutt"
"New Zealand","Wellington","Makara-Ohariu"
"New Zealand","Wellington","Martinborough"
"New Zealand","Wellington","Masterton"
"New Zealand","Wellington","Otaki"
"New Zealand","Wellington","Porirua"
"New Zealand","Wellington","Te Horo"
"New Zealand","Wellington","Upper Hutt"
"New Zealand","Wellington","Wellington"
"New Zealand","West Coast","Blackball"
"New Zealand","West Coast","Dobson"
"New Zealand","West Coast","Fox Glacier"
"New Zealand","West Coast","Franz Josef"
"New Zealand","West Coast","Greymouth"
"New Zealand","West Coast","Harihari"
"New Zealand","West Coast","Hector-Ngakawau"
"New Zealand","West Coast","Hokitika"
"New Zealand","West Coast","Karamea"
"New Zealand","West Coast","Reefton"
"New Zealand","West Coast","Ross"
"New Zealand","West Coast","Westport"
"New Zealand","Hawkes Bay","Frasertown"
"New Zealand","Hawkes Bay","Hastings"
"New Zealand","Hawkes Bay","Napier"
"New Zealand","Hawkes Bay","Nuhaka"
"New Zealand","Hawkes Bay","Otane"
"New Zealand","Hawkes Bay","Tuai"
"New Zealand","Hawkes Bay","Waipawa"
"New Zealand","Hawkes Bay","Waipukurau"
"New Zealand","Hawkes Bay","Wairoa"
